Model,MSE
LightGBM,0.7487028184157762
Random Forest,0.781830442447626
XGBoost,0.8050368722580445
Gradient Boosting,0.8793554317017686
Support Vector,1.0427364805122
K-Nearest Neighbors,1.1162078413905485
Decision Tree,1.6991836773492668
Lasso Regression,805.753740868165
ElasticNet Regression,2390.2503692866317
Multi-layer Perceptron,6.033541020580355e+21
Ridge Regression,5.601950952227601e+24
Linear Regression,4.019874323955577e+25
