Model,MSE
LightGBM,0.7230605751550674
XGBoost,0.7536001368924716
Random Forest,0.7844737554886106
Gradient Boosting,0.8596439816057908
Support Vector,1.042736562670063
K-Nearest Neighbors,1.099294650733297
Decision Tree,1.618923420242622
Lasso Regression,805.7501348019323
ElasticNet Regression,2390.238172986671
Multi-layer Perceptron,3.4614636562783138e+19
Ridge Regression,7.910943137378948e+24
Linear Regression,9.558377358334111e+25
